-- Fantasy Golf League Data Seed
-- Copy and paste this into the Supabase SQL Editor and click "Run"

-- Insert Golfers
INSERT INTO public.golfers (id, name, age) VALUES ('46b5dc42-a669-41d0-85e2-90c4c16edfb7', 'Jacob Bridgeman', 26);
INSERT INTO public.golfer_aliases (golfer_id, alias_name) VALUES ('46b5dc42-a669-41d0-85e2-90c4c16edfb7', 'Jacob Bridgeman');
INSERT INTO public.golfers (id, name, age) VALUES ('f1b6a0e0-d3c1-40c5-823a-b9cda04c43a1', 'Akshay Bhatia', 24);
INSERT INTO public.golfer_aliases (golfer_id, alias_name) VALUES ('f1b6a0e0-d3c1-40c5-823a-b9cda04c43a1', 'Akshay Bhatia');
INSERT INTO public.golfers (id, name, age) VALUES ('f2899859-783d-4588-ada5-8040639e3cb4', 'Collin Morikawa', 29);
INSERT INTO public.golfer_aliases (golfer_id, alias_name) VALUES ('f2899859-783d-4588-ada5-8040639e3cb4', 'Collin Morikawa');
INSERT INTO public.golfers (id, name, age) VALUES ('b5fd1849-ea0b-4dff-9c84-ea03ac417d70', 'Chris Gotterup', 26);
INSERT INTO public.golfer_aliases (golfer_id, alias_name) VALUES ('b5fd1849-ea0b-4dff-9c84-ea03ac417d70', 'Chris Gotterup');
INSERT INTO public.golfers (id, name, age) VALUES ('b2ed149c-75db-4508-8b65-e0883afd059c', 'Scottie Scheffler', 29);
INSERT INTO public.golfer_aliases (golfer_id, alias_name) VALUES ('b2ed149c-75db-4508-8b65-e0883afd059c', 'Scottie Scheffler');
INSERT INTO public.golfers (id, name, age) VALUES ('6702866e-0398-46dd-bf34-e8ef27459f19', 'Min Woo Lee', 27);
INSERT INTO public.golfer_aliases (golfer_id, alias_name) VALUES ('6702866e-0398-46dd-bf34-e8ef27459f19', 'Min Woo Lee');
INSERT INTO public.golfers (id, name, age) VALUES ('ba9ef8ec-6bd3-4ab6-ad70-1ef82c8914c0', 'Daniel Berger', 32);
INSERT INTO public.golfer_aliases (golfer_id, alias_name) VALUES ('ba9ef8ec-6bd3-4ab6-ad70-1ef82c8914c0', 'Daniel Berger');
INSERT INTO public.golfers (id, name, age) VALUES ('50b819e0-2539-4aa1-b738-1803325f0a47', 'Nico Echavarria', 31);
INSERT INTO public.golfer_aliases (golfer_id, alias_name) VALUES ('50b819e0-2539-4aa1-b738-1803325f0a47', 'Nico Echavarria');
INSERT INTO public.golfers (id, name, age) VALUES ('922c3e90-a824-44e1-aa6b-ed585d75b836', 'Sepp Straka', 32);
INSERT INTO public.golfer_aliases (golfer_id, alias_name) VALUES ('922c3e90-a824-44e1-aa6b-ed585d75b836', 'Sepp Straka');
INSERT INTO public.golfers (id, name, age) VALUES ('b562f5c8-5576-46f3-868c-3ea4346a2440', 'Si Woo Kim', 30);
INSERT INTO public.golfer_aliases (golfer_id, alias_name) VALUES ('b562f5c8-5576-46f3-868c-3ea4346a2440', 'Si Woo Kim');
INSERT INTO public.golfers (id, name, age) VALUES ('b4cabbb1-b8a0-4f64-a36f-991c7f1645a4', 'Kurt Kitayama', 33);
INSERT INTO public.golfer_aliases (golfer_id, alias_name) VALUES ('b4cabbb1-b8a0-4f64-a36f-991c7f1645a4', 'Kurt Kitayama');
INSERT INTO public.golfers (id, name, age) VALUES ('5fe5c16f-5cd2-4e70-ab3f-b8532bcf7442', 'Jake Knapp', 31);
INSERT INTO public.golfer_aliases (golfer_id, alias_name) VALUES ('5fe5c16f-5cd2-4e70-ab3f-b8532bcf7442', 'Jake Knapp');
INSERT INTO public.golfers (id, name, age) VALUES ('88d8b696-0684-4228-bb58-aac84b3fba4a', 'Rory McIlroy', 36);
INSERT INTO public.golfer_aliases (golfer_id, alias_name) VALUES ('88d8b696-0684-4228-bb58-aac84b3fba4a', 'Rory McIlroy');
INSERT INTO public.golfers (id, name, age) VALUES ('292c742d-4907-4cb1-ba45-806c6ed03a4d', 'Hideki Matsuyama', 34);
INSERT INTO public.golfer_aliases (golfer_id, alias_name) VALUES ('292c742d-4907-4cb1-ba45-806c6ed03a4d', 'Hideki Matsuyama');
INSERT INTO public.golfers (id, name, age) VALUES ('810e5026-a9d1-48ea-91f7-f67262adc4c3', 'Ryan Gerard', 26);
INSERT INTO public.golfer_aliases (golfer_id, alias_name) VALUES ('810e5026-a9d1-48ea-91f7-f67262adc4c3', 'Ryan Gerard');
INSERT INTO public.golfers (id, name, age) VALUES ('b239a83a-56c5-43d1-a218-025a5094d7e6', 'Cameron Young', 28);
INSERT INTO public.golfer_aliases (golfer_id, alias_name) VALUES ('b239a83a-56c5-43d1-a218-025a5094d7e6', 'Cameron Young');
INSERT INTO public.golfers (id, name, age) VALUES ('fbaab120-e6b9-4a61-940b-c37e40c53703', 'Justin Rose', 45);
INSERT INTO public.golfer_aliases (golfer_id, alias_name) VALUES ('fbaab120-e6b9-4a61-940b-c37e40c53703', 'Justin Rose');
INSERT INTO public.golfers (id, name, age) VALUES ('b35acf14-594a-4a64-830f-6caa8d4e849c', 'Sahith Theegala', 28);
INSERT INTO public.golfer_aliases (golfer_id, alias_name) VALUES ('b35acf14-594a-4a64-830f-6caa8d4e849c', 'Sahith Theegala');
INSERT INTO public.golfers (id, name, age) VALUES ('e37e58cd-36f1-4e89-b54b-186fccd823a8', 'Ryo Hisatsune', 23);
INSERT INTO public.golfer_aliases (golfer_id, alias_name) VALUES ('e37e58cd-36f1-4e89-b54b-186fccd823a8', 'Ryo Hisatsune');
INSERT INTO public.golfers (id, name, age) VALUES ('ac4f6306-8036-4329-92ee-fda7bfe2eecf', 'Adam Scott', 45);
INSERT INTO public.golfer_aliases (golfer_id, alias_name) VALUES ('ac4f6306-8036-4329-92ee-fda7bfe2eecf', 'Adam Scott');
INSERT INTO public.golfers (id, name, age) VALUES ('2ab1d0f0-00c3-4a79-ab32-c1fb27b675b4', 'Pierceson Coody', 26);
INSERT INTO public.golfer_aliases (golfer_id, alias_name) VALUES ('2ab1d0f0-00c3-4a79-ab32-c1fb27b675b4', 'Pierceson Coody');
INSERT INTO public.golfers (id, name, age) VALUES ('3dbe01f9-0750-4fcb-abb6-90812dc6e640', 'Ludvig Åberg', 26);
INSERT INTO public.golfer_aliases (golfer_id, alias_name) VALUES ('3dbe01f9-0750-4fcb-abb6-90812dc6e640', 'Ludvig Åberg');
INSERT INTO public.golfers (id, name, age) VALUES ('b4c377e7-c98e-4548-80d5-8cdf9ecb2c74', 'Tommy Fleetwood', 35);
INSERT INTO public.golfer_aliases (golfer_id, alias_name) VALUES ('b4c377e7-c98e-4548-80d5-8cdf9ecb2c74', 'Tommy Fleetwood');
INSERT INTO public.golfers (id, name, age) VALUES ('0fa86d44-3abb-4254-a0d4-04c2620e8db6', 'Shane Lowry', 38);
INSERT INTO public.golfer_aliases (golfer_id, alias_name) VALUES ('0fa86d44-3abb-4254-a0d4-04c2620e8db6', 'Shane Lowry');
INSERT INTO public.golfers (id, name, age) VALUES ('1fe2b3eb-c5e9-4aa0-b189-24c8e3b26aca', 'Russell Henley', 36);
INSERT INTO public.golfer_aliases (golfer_id, alias_name) VALUES ('1fe2b3eb-c5e9-4aa0-b189-24c8e3b26aca', 'Russell Henley');
INSERT INTO public.golfers (id, name, age) VALUES ('675c778b-fdad-4b08-8525-2dd0d962fb2b', 'Ricky Castillo', 24);
INSERT INTO public.golfer_aliases (golfer_id, alias_name) VALUES ('675c778b-fdad-4b08-8525-2dd0d962fb2b', 'Ricky Castillo');
INSERT INTO public.golfers (id, name, age) VALUES ('4bfd5473-574b-4867-b4a5-8c2a6fb27472', 'Rickie Fowler', 37);
INSERT INTO public.golfer_aliases (golfer_id, alias_name) VALUES ('4bfd5473-574b-4867-b4a5-8c2a6fb27472', 'Rickie Fowler');
INSERT INTO public.golfers (id, name, age) VALUES ('fd361109-c289-4bec-a8bf-54fad74ebc4e', 'Harry Hall', 28);
INSERT INTO public.golfer_aliases (golfer_id, alias_name) VALUES ('fd361109-c289-4bec-a8bf-54fad74ebc4e', 'Harry Hall');
INSERT INTO public.golfers (id, name, age) VALUES ('f624cdf8-5ea8-49ed-9204-55c9bea9f9e1', 'Jordan Spieth', 32);
INSERT INTO public.golfer_aliases (golfer_id, alias_name) VALUES ('f624cdf8-5ea8-49ed-9204-55c9bea9f9e1', 'Jordan Spieth');
INSERT INTO public.golfers (id, name, age) VALUES ('22903d71-5584-453a-9006-b29a888f05cf', 'Matt McCarty', 28);
INSERT INTO public.golfer_aliases (golfer_id, alias_name) VALUES ('22903d71-5584-453a-9006-b29a888f05cf', 'Matt McCarty');
INSERT INTO public.golfers (id, name, age) VALUES ('a9dc2bcd-8776-40d8-9c08-68ec799a1be4', 'Patrick Rodgers', 33);
INSERT INTO public.golfer_aliases (golfer_id, alias_name) VALUES ('a9dc2bcd-8776-40d8-9c08-68ec799a1be4', 'Patrick Rodgers');
INSERT INTO public.golfers (id, name, age) VALUES ('c9fdd315-fde6-4f72-96a7-666f37a5c988', 'Xander Schauffele', 32);
INSERT INTO public.golfer_aliases (golfer_id, alias_name) VALUES ('c9fdd315-fde6-4f72-96a7-666f37a5c988', 'Xander Schauffele');
INSERT INTO public.golfers (id, name, age) VALUES ('127e57bc-a0f5-4ff0-9e80-2333418996bc', 'Maverick McNealy', 30);
INSERT INTO public.golfer_aliases (golfer_id, alias_name) VALUES ('127e57bc-a0f5-4ff0-9e80-2333418996bc', 'Maverick McNealy');
INSERT INTO public.golfers (id, name, age) VALUES ('e2041f11-cdbb-4b30-87b5-7538e15af2e1', 'Nicolai Højgaard', 24);
INSERT INTO public.golfer_aliases (golfer_id, alias_name) VALUES ('e2041f11-cdbb-4b30-87b5-7538e15af2e1', 'Nicolai Højgaard');
INSERT INTO public.golfers (id, name, age) VALUES ('c6839f19-b6c7-4374-8034-ecd7f77948bb', 'Ryan Fox', 39);
INSERT INTO public.golfer_aliases (golfer_id, alias_name) VALUES ('c6839f19-b6c7-4374-8034-ecd7f77948bb', 'Ryan Fox');
INSERT INTO public.golfers (id, name, age) VALUES ('b231407e-2eeb-4340-b555-6dd7e5a7fb7e', 'Austin Smotherman', 31);
INSERT INTO public.golfer_aliases (golfer_id, alias_name) VALUES ('b231407e-2eeb-4340-b555-6dd7e5a7fb7e', 'Austin Smotherman');
INSERT INTO public.golfers (id, name, age) VALUES ('f713303b-14d3-441c-b1e8-5a21cec06bbb', 'Robert MacIntyre', 29);
INSERT INTO public.golfer_aliases (golfer_id, alias_name) VALUES ('f713303b-14d3-441c-b1e8-5a21cec06bbb', 'Robert MacIntyre');
INSERT INTO public.golfers (id, name, age) VALUES ('8a7e538b-0cc6-48f9-800c-4fad87a4b0e5', 'Matt Fitzpatrick', 31);
INSERT INTO public.golfer_aliases (golfer_id, alias_name) VALUES ('8a7e538b-0cc6-48f9-800c-4fad87a4b0e5', 'Matt Fitzpatrick');
INSERT INTO public.golfers (id, name, age) VALUES ('052db30c-bd41-4f38-bd83-3c7109fb44ce', 'Aldrich Potgieter', 21);
INSERT INTO public.golfer_aliases (golfer_id, alias_name) VALUES ('052db30c-bd41-4f38-bd83-3c7109fb44ce', 'Aldrich Potgieter');
INSERT INTO public.golfers (id, name, age) VALUES ('184552a1-5b6d-4aa1-a598-8cdfeb277a81', 'Taylor Moore', 32);
INSERT INTO public.golfer_aliases (golfer_id, alias_name) VALUES ('184552a1-5b6d-4aa1-a598-8cdfeb277a81', 'Taylor Moore');
INSERT INTO public.golfers (id, name, age) VALUES ('b951fe7d-41fa-4aa9-9496-85778ff1cef5', 'Sam Stevens', 29);
INSERT INTO public.golfer_aliases (golfer_id, alias_name) VALUES ('b951fe7d-41fa-4aa9-9496-85778ff1cef5', 'Sam Stevens');
INSERT INTO public.golfers (id, name, age) VALUES ('dbfe4808-bb4f-42da-bdf9-698d335958b0', 'Jason Day', 38);
INSERT INTO public.golfer_aliases (golfer_id, alias_name) VALUES ('dbfe4808-bb4f-42da-bdf9-698d335958b0', 'Jason Day');
INSERT INTO public.golfers (id, name, age) VALUES ('547a5338-ec2e-4037-838c-6b1f3b78d7fa', 'Harris English', 36);
INSERT INTO public.golfer_aliases (golfer_id, alias_name) VALUES ('547a5338-ec2e-4037-838c-6b1f3b78d7fa', 'Harris English');
INSERT INTO public.golfers (id, name, age) VALUES ('7a6ab1be-4dfe-4511-a7fe-0a0fdeb437df', 'Keith Mitchell', 34);
INSERT INTO public.golfer_aliases (golfer_id, alias_name) VALUES ('7a6ab1be-4dfe-4511-a7fe-0a0fdeb437df', 'Keith Mitchell');
INSERT INTO public.golfers (id, name, age) VALUES ('e0cc5e7f-f447-4c4f-af0f-c32eaa055360', 'Sam Burns', 29);
INSERT INTO public.golfer_aliases (golfer_id, alias_name) VALUES ('e0cc5e7f-f447-4c4f-af0f-c32eaa055360', 'Sam Burns');
INSERT INTO public.golfers (id, name, age) VALUES ('ac7c11b4-99d9-4bfe-960f-b14a372d7efb', 'Viktor Hovland', 28);
INSERT INTO public.golfer_aliases (golfer_id, alias_name) VALUES ('ac7c11b4-99d9-4bfe-960f-b14a372d7efb', 'Viktor Hovland');
INSERT INTO public.golfers (id, name, age) VALUES ('61a5cadf-8cc0-4340-b374-3fc3635241b6', 'Michael Thorbjornsen', 24);
INSERT INTO public.golfer_aliases (golfer_id, alias_name) VALUES ('61a5cadf-8cc0-4340-b374-3fc3635241b6', 'Michael Thorbjornsen');
INSERT INTO public.golfers (id, name, age) VALUES ('152b0091-522c-49c8-925e-30aef09e444b', 'Alex Noren', 43);
INSERT INTO public.golfer_aliases (golfer_id, alias_name) VALUES ('152b0091-522c-49c8-925e-30aef09e444b', 'Alex Noren');
INSERT INTO public.golfers (id, name, age) VALUES ('1e1fcd11-0726-483f-bf75-b027180d2c7e', 'Andrew Putnam', 37);
INSERT INTO public.golfer_aliases (golfer_id, alias_name) VALUES ('1e1fcd11-0726-483f-bf75-b027180d2c7e', 'Andrew Putnam');
INSERT INTO public.golfers (id, name, age) VALUES ('fbd02bdd-5178-4b04-b4cd-31ec50d60c4b', 'Nick Taylor', 37);
INSERT INTO public.golfer_aliases (golfer_id, alias_name) VALUES ('fbd02bdd-5178-4b04-b4cd-31ec50d60c4b', 'Nick Taylor');
INSERT INTO public.golfers (id, name, age) VALUES ('c9882326-f6b0-42b3-80ba-0e4b812dd620', 'Tom Hoge', 36);
INSERT INTO public.golfer_aliases (golfer_id, alias_name) VALUES ('c9882326-f6b0-42b3-80ba-0e4b812dd620', 'Tom Hoge');
INSERT INTO public.golfers (id, name, age) VALUES ('35131a9c-4b0b-4288-b205-dbfad2bb9926', 'Tony Finau', 36);
INSERT INTO public.golfer_aliases (golfer_id, alias_name) VALUES ('35131a9c-4b0b-4288-b205-dbfad2bb9926', 'Tony Finau');
INSERT INTO public.golfers (id, name, age) VALUES ('55e89181-ce50-4ef8-a78e-049dda15c881', 'Patrick Cantlay', 33);
INSERT INTO public.golfer_aliases (golfer_id, alias_name) VALUES ('55e89181-ce50-4ef8-a78e-049dda15c881', 'Patrick Cantlay');
INSERT INTO public.golfers (id, name, age) VALUES ('83967c02-1be0-4096-8d3a-5efd1352ef6c', 'Joel Dahmen', 38);
INSERT INTO public.golfer_aliases (golfer_id, alias_name) VALUES ('83967c02-1be0-4096-8d3a-5efd1352ef6c', 'Joel Dahmen');
INSERT INTO public.golfers (id, name, age) VALUES ('c0bdb1ed-0f97-4abd-8d2c-64126809cbe2', 'Taylor Pendrith', 34);
INSERT INTO public.golfer_aliases (golfer_id, alias_name) VALUES ('c0bdb1ed-0f97-4abd-8d2c-64126809cbe2', 'Taylor Pendrith');
INSERT INTO public.golfers (id, name, age) VALUES ('17663c93-92ad-4d30-897e-5d2f284a1942', 'Max Greyserman', 30);
INSERT INTO public.golfer_aliases (golfer_id, alias_name) VALUES ('17663c93-92ad-4d30-897e-5d2f284a1942', 'Max Greyserman');
INSERT INTO public.golfers (id, name, age) VALUES ('81ecec4e-7580-48a1-a4cb-e94f60376ee8', 'Billy Horschel', 39);
INSERT INTO public.golfer_aliases (golfer_id, alias_name) VALUES ('81ecec4e-7580-48a1-a4cb-e94f60376ee8', 'Billy Horschel');
INSERT INTO public.golfers (id, name, age) VALUES ('991bbc97-852e-49c6-852f-e0fa080b9094', 'Haotong Li', 30);
INSERT INTO public.golfer_aliases (golfer_id, alias_name) VALUES ('991bbc97-852e-49c6-852f-e0fa080b9094', 'Haotong Li');
INSERT INTO public.golfers (id, name, age) VALUES ('4e2701bd-fd61-4d2b-ab26-9b4866a3074e', 'Matti Schmid', 28);
INSERT INTO public.golfer_aliases (golfer_id, alias_name) VALUES ('4e2701bd-fd61-4d2b-ab26-9b4866a3074e', 'Matti Schmid');
INSERT INTO public.golfers (id, name, age) VALUES ('046adfe0-0932-4b03-8057-991cbffce8fa', 'Andrew Novak', 30);
INSERT INTO public.golfer_aliases (golfer_id, alias_name) VALUES ('046adfe0-0932-4b03-8057-991cbffce8fa', 'Andrew Novak');
INSERT INTO public.golfers (id, name, age) VALUES ('0d9dae8c-b199-4d41-bdae-23b9566b7959', 'Stephan Jaeger', 36);
INSERT INTO public.golfer_aliases (golfer_id, alias_name) VALUES ('0d9dae8c-b199-4d41-bdae-23b9566b7959', 'Stephan Jaeger');
INSERT INTO public.golfers (id, name, age) VALUES ('ee118ae4-4fa5-40cb-8e06-28a9b6f87850', 'Chandler Blanchet', 31);
INSERT INTO public.golfer_aliases (golfer_id, alias_name) VALUES ('ee118ae4-4fa5-40cb-8e06-28a9b6f87850', 'Chandler Blanchet');
INSERT INTO public.golfers (id, name, age) VALUES ('14ef6d0b-eb62-4878-9806-b23d8f9078d3', 'Bud Cauley', 35);
INSERT INTO public.golfer_aliases (golfer_id, alias_name) VALUES ('14ef6d0b-eb62-4878-9806-b23d8f9078d3', 'Bud Cauley');
INSERT INTO public.golfers (id, name, age) VALUES ('99d99db2-55cb-488e-933a-87247e6c0c0d', 'Kevin Roy', 35);
INSERT INTO public.golfer_aliases (golfer_id, alias_name) VALUES ('99d99db2-55cb-488e-933a-87247e6c0c0d', 'Kevin Roy');
INSERT INTO public.golfers (id, name, age) VALUES ('fda993f7-b0c6-42c0-bf8d-adfee9b357aa', 'Rasmus Højgaard', 24);
INSERT INTO public.golfer_aliases (golfer_id, alias_name) VALUES ('fda993f7-b0c6-42c0-bf8d-adfee9b357aa', 'Rasmus Højgaard');
INSERT INTO public.golfers (id, name, age) VALUES ('f62c6903-7bc0-444a-b883-b2d89fab14ff', 'Ben Griffin', 29);
INSERT INTO public.golfer_aliases (golfer_id, alias_name) VALUES ('f62c6903-7bc0-444a-b883-b2d89fab14ff', 'Ben Griffin');
INSERT INTO public.golfers (id, name, age) VALUES ('7b37da74-d3f3-4bf1-9d67-bb763b81441a', 'Zecheng Dou', 29);
INSERT INTO public.golfer_aliases (golfer_id, alias_name) VALUES ('7b37da74-d3f3-4bf1-9d67-bb763b81441a', 'Zecheng Dou');
INSERT INTO public.golfers (id, name, age) VALUES ('4f9f4a92-19f7-43f0-b292-4d852180dfba', 'Jhonattan Vegas', 41);
INSERT INTO public.golfer_aliases (golfer_id, alias_name) VALUES ('4f9f4a92-19f7-43f0-b292-4d852180dfba', 'Jhonattan Vegas');
INSERT INTO public.golfers (id, name, age) VALUES ('471f5f52-417b-453a-8161-4798b8525c7b', 'Alex Smalley', 29);
INSERT INTO public.golfer_aliases (golfer_id, alias_name) VALUES ('471f5f52-417b-453a-8161-4798b8525c7b', 'Alex Smalley');
INSERT INTO public.golfers (id, name, age) VALUES ('2fd1613e-04b2-416d-932d-20fd21034607', 'Brian Harman', 39);
INSERT INTO public.golfer_aliases (golfer_id, alias_name) VALUES ('2fd1613e-04b2-416d-932d-20fd21034607', 'Brian Harman');
INSERT INTO public.golfers (id, name, age) VALUES ('4d972ff9-e0d0-403f-80f7-15ac49bde18b', 'Sudarshan Yellamaraju', NULL);
INSERT INTO public.golfer_aliases (golfer_id, alias_name) VALUES ('4d972ff9-e0d0-403f-80f7-15ac49bde18b', 'Sudarshan Yellamaraju');
INSERT INTO public.golfers (id, name, age) VALUES ('9575938f-9157-44e6-ae83-49beaf78a2aa', 'Zach Bauchou', 30);
INSERT INTO public.golfer_aliases (golfer_id, alias_name) VALUES ('9575938f-9157-44e6-ae83-49beaf78a2aa', 'Zach Bauchou');
INSERT INTO public.golfers (id, name, age) VALUES ('24a06ec0-d2ca-4a1b-8e2a-679dd0488d3d', 'Marco Penge', 27);
INSERT INTO public.golfer_aliases (golfer_id, alias_name) VALUES ('24a06ec0-d2ca-4a1b-8e2a-679dd0488d3d', 'Marco Penge');
INSERT INTO public.golfers (id, name, age) VALUES ('d1e6f097-4c11-4944-ad0e-b08e9be536b7', 'Wyndham Clark', 32);
INSERT INTO public.golfer_aliases (golfer_id, alias_name) VALUES ('d1e6f097-4c11-4944-ad0e-b08e9be536b7', 'Wyndham Clark');
INSERT INTO public.golfers (id, name, age) VALUES ('94d5e290-83f6-4b9b-bce2-7ece55e938dc', 'Max Homa', 35);
INSERT INTO public.golfer_aliases (golfer_id, alias_name) VALUES ('94d5e290-83f6-4b9b-bce2-7ece55e938dc', 'Max Homa');
INSERT INTO public.golfers (id, name, age) VALUES ('78fc1b92-19e1-4bc8-95cb-42e3502d619d', 'William Mouw', 25);
INSERT INTO public.golfer_aliases (golfer_id, alias_name) VALUES ('78fc1b92-19e1-4bc8-95cb-42e3502d619d', 'William Mouw');
INSERT INTO public.golfers (id, name, age) VALUES ('621b426e-b8a7-434f-b0fe-007210b33c54', 'S.H. Kim', 27);
INSERT INTO public.golfer_aliases (golfer_id, alias_name) VALUES ('621b426e-b8a7-434f-b0fe-007210b33c54', 'S.H. Kim');
INSERT INTO public.golfers (id, name, age) VALUES ('3a9b9b5c-f451-4efa-b13c-00ebbe5441a6', 'John Parry', 39);
INSERT INTO public.golfer_aliases (golfer_id, alias_name) VALUES ('3a9b9b5c-f451-4efa-b13c-00ebbe5441a6', 'John Parry');
INSERT INTO public.golfers (id, name, age) VALUES ('d0b3c0e4-885c-4307-b21d-e9cc96c00b40', 'Davis Riley', 29);
INSERT INTO public.golfer_aliases (golfer_id, alias_name) VALUES ('d0b3c0e4-885c-4307-b21d-e9cc96c00b40', 'Davis Riley');
INSERT INTO public.golfers (id, name, age) VALUES ('e73c93e3-8fb1-4ece-a064-6a2bca579a7e', 'A.J. Ewart', NULL);
INSERT INTO public.golfer_aliases (golfer_id, alias_name) VALUES ('e73c93e3-8fb1-4ece-a064-6a2bca579a7e', 'A.J. Ewart');
INSERT INTO public.golfers (id, name, age) VALUES ('e7e480c3-99ae-4a62-804e-b1502dcc48c6', 'Lee Hodges', 30);
INSERT INTO public.golfer_aliases (golfer_id, alias_name) VALUES ('e7e480c3-99ae-4a62-804e-b1502dcc48c6', 'Lee Hodges');
INSERT INTO public.golfers (id, name, age) VALUES ('1b0e2826-023f-4fc6-acb5-c0d668594333', 'Michael Kim', 32);
INSERT INTO public.golfer_aliases (golfer_id, alias_name) VALUES ('1b0e2826-023f-4fc6-acb5-c0d668594333', 'Michael Kim');
INSERT INTO public.golfers (id, name, age) VALUES ('5f83a655-436f-46dc-b90e-b1021f692c23', 'Jordan Smith', 33);
INSERT INTO public.golfer_aliases (golfer_id, alias_name) VALUES ('5f83a655-436f-46dc-b90e-b1021f692c23', 'Jordan Smith');
INSERT INTO public.golfers (id, name, age) VALUES ('d63a7be5-6cb9-4210-af29-081788a81526', 'David Ford', 23);
INSERT INTO public.golfer_aliases (golfer_id, alias_name) VALUES ('d63a7be5-6cb9-4210-af29-081788a81526', 'David Ford');
INSERT INTO public.golfers (id, name, age) VALUES ('2deda86e-a616-453b-8c7e-eb82f5c56c83', 'Corey Conners', 34);
INSERT INTO public.golfer_aliases (golfer_id, alias_name) VALUES ('2deda86e-a616-453b-8c7e-eb82f5c56c83', 'Corey Conners');
INSERT INTO public.golfers (id, name, age) VALUES ('1bdcfb0d-6b6b-4829-b65d-c4b021460436', 'Max McGreevy', 30);
INSERT INTO public.golfer_aliases (golfer_id, alias_name) VALUES ('1bdcfb0d-6b6b-4829-b65d-c4b021460436', 'Max McGreevy');
INSERT INTO public.golfers (id, name, age) VALUES ('fd2bc7d7-d3c8-4823-83ac-25b208c38455', 'Chad Ramey', 33);
INSERT INTO public.golfer_aliases (golfer_id, alias_name) VALUES ('fd2bc7d7-d3c8-4823-83ac-25b208c38455', 'Chad Ramey');
INSERT INTO public.golfers (id, name, age) VALUES ('00665525-e2d4-496b-9685-ba180d383db3', 'Séamus Power', 39);
INSERT INTO public.golfer_aliases (golfer_id, alias_name) VALUES ('00665525-e2d4-496b-9685-ba180d383db3', 'Séamus Power');
INSERT INTO public.golfers (id, name, age) VALUES ('cbf70915-179c-41aa-9018-9ea0ee1f9463', 'Brooks Koepka', 35);
INSERT INTO public.golfer_aliases (golfer_id, alias_name) VALUES ('cbf70915-179c-41aa-9018-9ea0ee1f9463', 'Brooks Koepka');
INSERT INTO public.golfers (id, name, age) VALUES ('dc1b5bbb-3ce4-4185-85da-7cea800dd664', 'Patton Kizzire', 40);
INSERT INTO public.golfer_aliases (golfer_id, alias_name) VALUES ('dc1b5bbb-3ce4-4185-85da-7cea800dd664', 'Patton Kizzire');
INSERT INTO public.golfers (id, name, age) VALUES ('65012027-b342-494e-b954-dfe2659b4a10', 'Aaron Rai', 31);
INSERT INTO public.golfer_aliases (golfer_id, alias_name) VALUES ('65012027-b342-494e-b954-dfe2659b4a10', 'Aaron Rai');
INSERT INTO public.golfers (id, name, age) VALUES ('253d1ea3-5547-4a32-9ae5-e973c10eb1c1', 'Davis Thompson', 26);
INSERT INTO public.golfer_aliases (golfer_id, alias_name) VALUES ('253d1ea3-5547-4a32-9ae5-e973c10eb1c1', 'Davis Thompson');
INSERT INTO public.golfers (id, name, age) VALUES ('4f113f65-6562-42aa-931c-94d1699fc0d3', 'Matthieu Pavon', 33);
INSERT INTO public.golfer_aliases (golfer_id, alias_name) VALUES ('4f113f65-6562-42aa-931c-94d1699fc0d3', 'Matthieu Pavon');
INSERT INTO public.golfers (id, name, age) VALUES ('4b19d66e-52cc-4692-b4b8-c6bceb6be61c', 'Mackenzie Hughes', 35);
INSERT INTO public.golfer_aliases (golfer_id, alias_name) VALUES ('4b19d66e-52cc-4692-b4b8-c6bceb6be61c', 'Mackenzie Hughes');
INSERT INTO public.golfers (id, name, age) VALUES ('ae3cc557-b63d-4fa0-86e4-21292ef04f36', 'Tom Kim', 23);
INSERT INTO public.golfer_aliases (golfer_id, alias_name) VALUES ('ae3cc557-b63d-4fa0-86e4-21292ef04f36', 'Tom Kim');
INSERT INTO public.golfers (id, name, age) VALUES ('99d4420f-ffbb-463d-993f-92284870787b', 'Christiaan Bezuidenhout', 31);
INSERT INTO public.golfer_aliases (golfer_id, alias_name) VALUES ('99d4420f-ffbb-463d-993f-92284870787b', 'Christiaan Bezuidenhout');
INSERT INTO public.golfers (id, name, age) VALUES ('2d27dd1c-20de-4998-a276-7dddb478a2de', 'Adam Schenk', 34);
INSERT INTO public.golfer_aliases (golfer_id, alias_name) VALUES ('2d27dd1c-20de-4998-a276-7dddb478a2de', 'Adam Schenk');
INSERT INTO public.golfers (id, name, age) VALUES ('d1845a74-2f95-44e7-95c0-8f779d956d78', 'Pontus Nyholm', 28);
INSERT INTO public.golfer_aliases (golfer_id, alias_name) VALUES ('d1845a74-2f95-44e7-95c0-8f779d956d78', 'Pontus Nyholm');
INSERT INTO public.golfers (id, name, age) VALUES ('9b221948-07a0-4707-8269-7afa50d738b3', 'Sami Välimäki', 27);
INSERT INTO public.golfer_aliases (golfer_id, alias_name) VALUES ('9b221948-07a0-4707-8269-7afa50d738b3', 'Sami Välimäki');
INSERT INTO public.golfers (id, name, age) VALUES ('44ec588a-16ea-4a5c-af32-06d602e72b43', 'Kristoffer Reitan', 28);
INSERT INTO public.golfer_aliases (golfer_id, alias_name) VALUES ('44ec588a-16ea-4a5c-af32-06d602e72b43', 'Kristoffer Reitan');
INSERT INTO public.golfers (id, name, age) VALUES ('6c3fabb7-d77f-407f-a7ff-a8da8673adef', 'Takumi Kanaya', 27);
INSERT INTO public.golfer_aliases (golfer_id, alias_name) VALUES ('6c3fabb7-d77f-407f-a7ff-a8da8673adef', 'Takumi Kanaya');
INSERT INTO public.golfers (id, name, age) VALUES ('262234c0-a07f-4a00-ad7c-0e5708a0bc17', 'Dan Brown', 31);
INSERT INTO public.golfer_aliases (golfer_id, alias_name) VALUES ('262234c0-a07f-4a00-ad7c-0e5708a0bc17', 'Dan Brown');
INSERT INTO public.golfers (id, name, age) VALUES ('46abc33a-cd6c-4967-8efa-d5b9ec07fd01', 'Mac Meissner', 27);
INSERT INTO public.golfer_aliases (golfer_id, alias_name) VALUES ('46abc33a-cd6c-4967-8efa-d5b9ec07fd01', 'Mac Meissner');
INSERT INTO public.golfers (id, name, age) VALUES ('5ec68810-3abc-497f-8333-50eee0b92287', 'Adrien Dumont de Chassart', 26);
INSERT INTO public.golfer_aliases (golfer_id, alias_name) VALUES ('5ec68810-3abc-497f-8333-50eee0b92287', 'Adrien Dumont de Chassart');
INSERT INTO public.golfers (id, name, age) VALUES ('5725654d-950c-4971-8083-991dddab992d', 'Lucas Glover', 46);
INSERT INTO public.golfer_aliases (golfer_id, alias_name) VALUES ('5725654d-950c-4971-8083-991dddab992d', 'Lucas Glover');
INSERT INTO public.golfers (id, name, age) VALUES ('7a2a8282-6fdd-4c06-a7ee-937d50f02795', 'David Lipsky', 37);
INSERT INTO public.golfer_aliases (golfer_id, alias_name) VALUES ('7a2a8282-6fdd-4c06-a7ee-937d50f02795', 'David Lipsky');
INSERT INTO public.golfers (id, name, age) VALUES ('7c662813-47bb-47f9-8fe3-0f3140a2be7b', 'Denny McCarthy', 33);
INSERT INTO public.golfer_aliases (golfer_id, alias_name) VALUES ('7c662813-47bb-47f9-8fe3-0f3140a2be7b', 'Denny McCarthy');
INSERT INTO public.golfers (id, name, age) VALUES ('2790513c-cbbb-4fa4-ab56-b7147a0429dd', 'Eric Cole', 37);
INSERT INTO public.golfer_aliases (golfer_id, alias_name) VALUES ('2790513c-cbbb-4fa4-ab56-b7147a0429dd', 'Eric Cole');
INSERT INTO public.golfers (id, name, age) VALUES ('0a74888d-5c88-40b4-9e05-ade753a4b502', 'Chandler Phillips', 29);
INSERT INTO public.golfer_aliases (golfer_id, alias_name) VALUES ('0a74888d-5c88-40b4-9e05-ade753a4b502', 'Chandler Phillips');
INSERT INTO public.golfers (id, name, age) VALUES ('3b1a4252-3d1a-4b3b-b817-e0a585738a39', 'J.T. Poston', 32);
INSERT INTO public.golfer_aliases (golfer_id, alias_name) VALUES ('3b1a4252-3d1a-4b3b-b817-e0a585738a39', 'J.T. Poston');
INSERT INTO public.golfers (id, name, age) VALUES ('01b75b24-5348-49e8-9cb0-ca9efd600567', 'Karl Vilips', 24);
INSERT INTO public.golfer_aliases (golfer_id, alias_name) VALUES ('01b75b24-5348-49e8-9cb0-ca9efd600567', 'Karl Vilips');
INSERT INTO public.golfers (id, name, age) VALUES ('da735256-1b16-4b6b-91f7-232f2aa5f1fa', 'Rico Hoey', 30);
INSERT INTO public.golfer_aliases (golfer_id, alias_name) VALUES ('da735256-1b16-4b6b-91f7-232f2aa5f1fa', 'Rico Hoey');
INSERT INTO public.golfers (id, name, age) VALUES ('30739d1a-b4b5-49c3-9edc-b93b3f972c61', 'Keegan Bradley', 39);
INSERT INTO public.golfer_aliases (golfer_id, alias_name) VALUES ('30739d1a-b4b5-49c3-9edc-b93b3f972c61', 'Keegan Bradley');
INSERT INTO public.golfers (id, name, age) VALUES ('90fc5556-3a0f-45f3-b269-04a42b54f19c', 'Kevin Streelman', 47);
INSERT INTO public.golfer_aliases (golfer_id, alias_name) VALUES ('90fc5556-3a0f-45f3-b269-04a42b54f19c', 'Kevin Streelman');
INSERT INTO public.golfers (id, name, age) VALUES ('eb517793-623e-4e63-91f2-3947bc7ed131', 'Paul Peterson', 37);
INSERT INTO public.golfer_aliases (golfer_id, alias_name) VALUES ('eb517793-623e-4e63-91f2-3947bc7ed131', 'Paul Peterson');
INSERT INTO public.golfers (id, name, age) VALUES ('e1054e96-6326-4c37-ac4d-67d10c02e31f', 'Luke Clanton', 22);
INSERT INTO public.golfer_aliases (golfer_id, alias_name) VALUES ('e1054e96-6326-4c37-ac4d-67d10c02e31f', 'Luke Clanton');
INSERT INTO public.golfers (id, name, age) VALUES ('4c32cc3a-e7b1-4aa7-9567-cf923d122d91', 'Johnny Keefer', NULL);
INSERT INTO public.golfer_aliases (golfer_id, alias_name) VALUES ('4c32cc3a-e7b1-4aa7-9567-cf923d122d91', 'Johnny Keefer');
INSERT INTO public.golfers (id, name, age) VALUES ('a310dbae-2e4b-400a-9dcb-9b5c317268f1', 'Mark Hubbard', 36);
INSERT INTO public.golfer_aliases (golfer_id, alias_name) VALUES ('a310dbae-2e4b-400a-9dcb-9b5c317268f1', 'Mark Hubbard');
INSERT INTO public.golfers (id, name, age) VALUES ('ca210589-b86a-4601-9426-ed7e22db11e1', 'Zac Blair', 35);
INSERT INTO public.golfer_aliases (golfer_id, alias_name) VALUES ('ca210589-b86a-4601-9426-ed7e22db11e1', 'Zac Blair');
INSERT INTO public.golfers (id, name, age) VALUES ('ff89a7f8-9a83-44a8-a963-371aa011cdda', 'Will Zalatoris', 29);
INSERT INTO public.golfer_aliases (golfer_id, alias_name) VALUES ('ff89a7f8-9a83-44a8-a963-371aa011cdda', 'Will Zalatoris');
INSERT INTO public.golfers (id, name, age) VALUES ('e9b31e74-97a7-4194-a22d-87999ed0982a', 'Kensei Hirata', 25);
INSERT INTO public.golfer_aliases (golfer_id, alias_name) VALUES ('e9b31e74-97a7-4194-a22d-87999ed0982a', 'Kensei Hirata');
INSERT INTO public.golfers (id, name, age) VALUES ('504f8cdf-72c3-4066-aabe-a404740eb1a8', 'Dylan Wu', 29);
INSERT INTO public.golfer_aliases (golfer_id, alias_name) VALUES ('504f8cdf-72c3-4066-aabe-a404740eb1a8', 'Dylan Wu');
INSERT INTO public.golfers (id, name, age) VALUES ('376ac1b3-41c2-41a4-92d0-9dfd0e9f4145', 'Chris Kirk', 40);
INSERT INTO public.golfer_aliases (golfer_id, alias_name) VALUES ('376ac1b3-41c2-41a4-92d0-9dfd0e9f4145', 'Chris Kirk');
INSERT INTO public.golfers (id, name, age) VALUES ('f27038f4-336f-4ca5-a220-cb2932f2c9c7', 'Emiliano Grillo', 33);
INSERT INTO public.golfer_aliases (golfer_id, alias_name) VALUES ('f27038f4-336f-4ca5-a220-cb2932f2c9c7', 'Emiliano Grillo');
INSERT INTO public.golfers (id, name, age) VALUES ('7178c936-229e-4763-a913-e4f2a01850af', 'Rasmus Neergaard-Petersen', 26);
INSERT INTO public.golfer_aliases (golfer_id, alias_name) VALUES ('7178c936-229e-4763-a913-e4f2a01850af', 'Rasmus Neergaard-Petersen');
INSERT INTO public.golfers (id, name, age) VALUES ('64245544-e3a8-4004-9e9f-d2c41c8e949b', 'John VanDerLaan', NULL);
INSERT INTO public.golfer_aliases (golfer_id, alias_name) VALUES ('64245544-e3a8-4004-9e9f-d2c41c8e949b', 'John VanDerLaan');
INSERT INTO public.golfers (id, name, age) VALUES ('fb76b7a5-117f-4cab-becc-94d305cfb552', 'David Skinns', 44);
INSERT INTO public.golfer_aliases (golfer_id, alias_name) VALUES ('fb76b7a5-117f-4cab-becc-94d305cfb552', 'David Skinns');
INSERT INTO public.golfers (id, name, age) VALUES ('0a8b2e00-015f-4ffc-9c3e-d3253d01695c', 'Jeremy Paul', 32);
INSERT INTO public.golfer_aliases (golfer_id, alias_name) VALUES ('0a8b2e00-015f-4ffc-9c3e-d3253d01695c', 'Jeremy Paul');
INSERT INTO public.golfers (id, name, age) VALUES ('fb2f6e4a-63d5-4744-bb1e-6e4a55883037', 'Jesper Svensson', 29);
INSERT INTO public.golfer_aliases (golfer_id, alias_name) VALUES ('fb2f6e4a-63d5-4744-bb1e-6e4a55883037', 'Jesper Svensson');
INSERT INTO public.golfers (id, name, age) VALUES ('d62d56e0-4a24-4b26-930a-8cec26f19f96', 'Gordon Sargent', NULL);
INSERT INTO public.golfer_aliases (golfer_id, alias_name) VALUES ('d62d56e0-4a24-4b26-930a-8cec26f19f96', 'Gordon Sargent');
INSERT INTO public.golfers (id, name, age) VALUES ('45e45692-d981-4809-a098-ce3e05a0000b', 'Beau Hossler', 30);
INSERT INTO public.golfer_aliases (golfer_id, alias_name) VALUES ('45e45692-d981-4809-a098-ce3e05a0000b', 'Beau Hossler');
INSERT INTO public.golfers (id, name, age) VALUES ('6b1cbf1e-f896-4031-a1d7-dd6775ff796d', 'Michael Brennan', 24);
INSERT INTO public.golfer_aliases (golfer_id, alias_name) VALUES ('6b1cbf1e-f896-4031-a1d7-dd6775ff796d', 'Michael Brennan');
INSERT INTO public.golfers (id, name, age) VALUES ('9a51f2eb-b9e8-4ed4-a882-ed03ab79de8b', 'Ben Silverman', 38);
INSERT INTO public.golfer_aliases (golfer_id, alias_name) VALUES ('9a51f2eb-b9e8-4ed4-a882-ed03ab79de8b', 'Ben Silverman');
INSERT INTO public.golfers (id, name, age) VALUES ('156d276b-7961-4f98-a5ce-014d7f4e2a0f', 'Joe Highsmith', 25);
INSERT INTO public.golfer_aliases (golfer_id, alias_name) VALUES ('156d276b-7961-4f98-a5ce-014d7f4e2a0f', 'Joe Highsmith');
INSERT INTO public.golfers (id, name, age) VALUES ('30128412-e80b-4028-8884-4363f3cf2e93', 'Kris Ventura', 31);
INSERT INTO public.golfer_aliases (golfer_id, alias_name) VALUES ('30128412-e80b-4028-8884-4363f3cf2e93', 'Kris Ventura');
INSERT INTO public.golfers (id, name, age) VALUES ('40fb791a-e8c5-4685-8dd3-014daa3aea88', 'J.J. Spaun', 35);
INSERT INTO public.golfer_aliases (golfer_id, alias_name) VALUES ('40fb791a-e8c5-4685-8dd3-014daa3aea88', 'J.J. Spaun');
INSERT INTO public.golfers (id, name, age) VALUES ('381125ae-da1d-467a-bfd9-b273d836c570', 'Rafael Campos', 37);
INSERT INTO public.golfer_aliases (golfer_id, alias_name) VALUES ('381125ae-da1d-467a-bfd9-b273d836c570', 'Rafael Campos');
INSERT INTO public.golfers (id, name, age) VALUES ('15e7e0e4-aade-4bea-bc76-018dd4de571d', 'Steven Fisk', 28);
INSERT INTO public.golfer_aliases (golfer_id, alias_name) VALUES ('15e7e0e4-aade-4bea-bc76-018dd4de571d', 'Steven Fisk');
INSERT INTO public.golfers (id, name, age) VALUES ('3fcc5c60-5314-4639-9baa-5d39ecb7046f', 'Danny Walker', 30);
INSERT INTO public.golfer_aliases (golfer_id, alias_name) VALUES ('3fcc5c60-5314-4639-9baa-5d39ecb7046f', 'Danny Walker');
INSERT INTO public.golfers (id, name, age) VALUES ('e1a69f52-8937-4280-a691-6d2db392d358', 'Jimmy Stanger', 30);
INSERT INTO public.golfer_aliases (golfer_id, alias_name) VALUES ('e1a69f52-8937-4280-a691-6d2db392d358', 'Jimmy Stanger');
INSERT INTO public.golfers (id, name, age) VALUES ('94588685-ffb9-4f9e-b9bb-193152aca41a', 'Sam Ryder', 36);
INSERT INTO public.golfer_aliases (golfer_id, alias_name) VALUES ('94588685-ffb9-4f9e-b9bb-193152aca41a', 'Sam Ryder');
INSERT INTO public.golfers (id, name, age) VALUES ('69848fd6-955b-4a43-b278-9d945da57e92', 'Austin Eckroat', 27);
INSERT INTO public.golfer_aliases (golfer_id, alias_name) VALUES ('69848fd6-955b-4a43-b278-9d945da57e92', 'Austin Eckroat');
INSERT INTO public.golfers (id, name, age) VALUES ('7e4e1daf-d822-4e69-a4a6-5ac14a32dcca', 'Doug Ghim', 29);
INSERT INTO public.golfer_aliases (golfer_id, alias_name) VALUES ('7e4e1daf-d822-4e69-a4a6-5ac14a32dcca', 'Doug Ghim');
INSERT INTO public.golfers (id, name, age) VALUES ('ffda34ce-9d97-4b1e-906a-3d6bf3143e6e', 'Garrick Higgo', 26);
INSERT INTO public.golfer_aliases (golfer_id, alias_name) VALUES ('ffda34ce-9d97-4b1e-906a-3d6bf3143e6e', 'Garrick Higgo');
INSERT INTO public.golfers (id, name, age) VALUES ('6aaf56a9-ada3-435b-9f5e-046a1004ca81', 'Isaiah Salinda', 28);
INSERT INTO public.golfer_aliases (golfer_id, alias_name) VALUES ('6aaf56a9-ada3-435b-9f5e-046a1004ca81', 'Isaiah Salinda');
INSERT INTO public.golfers (id, name, age) VALUES ('7520e37c-61a1-4c3c-a64b-23d59b586fca', 'Adrien Saddier', 33);
INSERT INTO public.golfer_aliases (golfer_id, alias_name) VALUES ('7520e37c-61a1-4c3c-a64b-23d59b586fca', 'Adrien Saddier');
INSERT INTO public.golfers (id, name, age) VALUES ('f86b8df5-c37b-44d2-8667-51eacfec4918', 'Hank Lebioda', 32);
INSERT INTO public.golfer_aliases (golfer_id, alias_name) VALUES ('f86b8df5-c37b-44d2-8667-51eacfec4918', 'Hank Lebioda');
INSERT INTO public.golfers (id, name, age) VALUES ('503a7e4f-c8da-4a6b-a951-5daa62a7a57c', 'Brice Garnett', 42);
INSERT INTO public.golfer_aliases (golfer_id, alias_name) VALUES ('503a7e4f-c8da-4a6b-a951-5daa62a7a57c', 'Brice Garnett');
INSERT INTO public.golfers (id, name, age) VALUES ('87cb0622-e2a8-402b-9e7e-718e1a47f4fa', 'Adam Svensson', 32);
INSERT INTO public.golfer_aliases (golfer_id, alias_name) VALUES ('87cb0622-e2a8-402b-9e7e-718e1a47f4fa', 'Adam Svensson');
INSERT INTO public.golfers (id, name, age) VALUES ('89dcad84-412f-4787-a67a-c1872b0ca300', 'Vince Whaley', 30);
INSERT INTO public.golfer_aliases (golfer_id, alias_name) VALUES ('89dcad84-412f-4787-a67a-c1872b0ca300', 'Vince Whaley');
INSERT INTO public.golfers (id, name, age) VALUES ('45b9ddef-059d-480c-8ca0-c56b9dfb78a6', 'Carson Young', 31);
INSERT INTO public.golfer_aliases (golfer_id, alias_name) VALUES ('45b9ddef-059d-480c-8ca0-c56b9dfb78a6', 'Carson Young');
INSERT INTO public.golfers (id, name, age) VALUES ('24f503a1-b476-440c-a47c-b5cca5a447af', 'Justin Lower', 36);
INSERT INTO public.golfer_aliases (golfer_id, alias_name) VALUES ('24f503a1-b476-440c-a47c-b5cca5a447af', 'Justin Lower');
INSERT INTO public.golfers (id, name, age) VALUES ('d8b30048-b2e9-4e72-9c5d-2a0f23acead0', 'Brian Campbell', 33);
INSERT INTO public.golfer_aliases (golfer_id, alias_name) VALUES ('d8b30048-b2e9-4e72-9c5d-2a0f23acead0', 'Brian Campbell');
INSERT INTO public.golfers (id, name, age) VALUES ('90581178-2e89-459d-ab99-3c09b4a5b46b', 'Chan Kim', 35);
INSERT INTO public.golfer_aliases (golfer_id, alias_name) VALUES ('90581178-2e89-459d-ab99-3c09b4a5b46b', 'Chan Kim');
INSERT INTO public.golfers (id, name, age) VALUES ('5de8ad34-13be-4947-863c-029bd2aeed4b', 'Adam Hadwin', 38);
INSERT INTO public.golfer_aliases (golfer_id, alias_name) VALUES ('5de8ad34-13be-4947-863c-029bd2aeed4b', 'Adam Hadwin');
INSERT INTO public.golfers (id, name, age) VALUES ('40d360a3-ea62-4bac-a945-7256cc327c4c', 'Emilio González', NULL);
INSERT INTO public.golfer_aliases (golfer_id, alias_name) VALUES ('40d360a3-ea62-4bac-a945-7256cc327c4c', 'Emilio González');
INSERT INTO public.golfers (id, name, age) VALUES ('28c135f2-6960-4f5e-a877-ce890471bf7b', 'Keita Nakajima', 25);
INSERT INTO public.golfer_aliases (golfer_id, alias_name) VALUES ('28c135f2-6960-4f5e-a877-ce890471bf7b', 'Keita Nakajima');
INSERT INTO public.golfers (id, name, age) VALUES ('7011e375-ca85-4948-880a-8725d5362a0e', 'Jackson Suber', NULL);
INSERT INTO public.golfer_aliases (golfer_id, alias_name) VALUES ('7011e375-ca85-4948-880a-8725d5362a0e', 'Jackson Suber');
INSERT INTO public.golfers (id, name, age) VALUES ('f4ee9114-07a5-4add-934e-1c2344c442a5', 'Gary Woodland', 41);
INSERT INTO public.golfer_aliases (golfer_id, alias_name) VALUES ('f4ee9114-07a5-4add-934e-1c2344c442a5', 'Gary Woodland');
INSERT INTO public.golfers (id, name, age) VALUES ('14fca55e-63c2-437b-9acc-9c04821a90c2', 'Zach Johnson', 50);
INSERT INTO public.golfer_aliases (golfer_id, alias_name) VALUES ('14fca55e-63c2-437b-9acc-9c04821a90c2', 'Zach Johnson');
INSERT INTO public.golfers (id, name, age) VALUES ('a8847091-f151-416d-96de-ed64a94035cd', 'Cam Davis', 31);
INSERT INTO public.golfer_aliases (golfer_id, alias_name) VALUES ('a8847091-f151-416d-96de-ed64a94035cd', 'Cam Davis');
INSERT INTO public.golfers (id, name, age) VALUES ('ad601435-cf2e-451c-b133-a0f5bbbf4e9a', 'Christo Lamprecht', 25);
INSERT INTO public.golfer_aliases (golfer_id, alias_name) VALUES ('ad601435-cf2e-451c-b133-a0f5bbbf4e9a', 'Christo Lamprecht');
INSERT INTO public.golfers (id, name, age) VALUES ('9c9e1964-f9a7-4e5f-a743-292d6815e980', 'Kevin Yu', 27);
INSERT INTO public.golfer_aliases (golfer_id, alias_name) VALUES ('9c9e1964-f9a7-4e5f-a743-292d6815e980', 'Kevin Yu');
INSERT INTO public.golfers (id, name, age) VALUES ('a0b0fcd4-0013-4044-8462-216f6b92001e', 'Davis Chatfield', NULL);
INSERT INTO public.golfer_aliases (golfer_id, alias_name) VALUES ('a0b0fcd4-0013-4044-8462-216f6b92001e', 'Davis Chatfield');
INSERT INTO public.golfers (id, name, age) VALUES ('8ca470ba-b1dd-4663-bfb4-b0203d959359', 'Thorbjørn Olesen', 36);
INSERT INTO public.golfer_aliases (golfer_id, alias_name) VALUES ('8ca470ba-b1dd-4663-bfb4-b0203d959359', 'Thorbjørn Olesen');
INSERT INTO public.golfers (id, name, age) VALUES ('76d40bb9-7bf3-4858-9b0f-020679c00d34', 'Matt Wallace', 35);
INSERT INTO public.golfer_aliases (golfer_id, alias_name) VALUES ('76d40bb9-7bf3-4858-9b0f-020679c00d34', 'Matt Wallace');
INSERT INTO public.golfers (id, name, age) VALUES ('7e16c84d-dda8-416e-ac02-80e1add21a0b', 'Patrick Fishburn', 33);
INSERT INTO public.golfer_aliases (golfer_id, alias_name) VALUES ('7e16c84d-dda8-416e-ac02-80e1add21a0b', 'Patrick Fishburn');
INSERT INTO public.golfers (id, name, age) VALUES ('e124f881-f391-40d2-9815-6b0f9da2b2ef', 'Vijay Singh', 63);
INSERT INTO public.golfer_aliases (golfer_id, alias_name) VALUES ('e124f881-f391-40d2-9815-6b0f9da2b2ef', 'Vijay Singh');
INSERT INTO public.golfers (id, name, age) VALUES ('4f0fe030-bc1f-4c56-bf13-d57fdcf16800', 'Marcelo Rozo', 36);
INSERT INTO public.golfer_aliases (golfer_id, alias_name) VALUES ('4f0fe030-bc1f-4c56-bf13-d57fdcf16800', 'Marcelo Rozo');
INSERT INTO public.golfers (id, name, age) VALUES ('e27ad694-bd94-45de-9e63-eb89fa9463c4', 'Ryan Brehm', 39);
INSERT INTO public.golfer_aliases (golfer_id, alias_name) VALUES ('e27ad694-bd94-45de-9e63-eb89fa9463c4', 'Ryan Brehm');
INSERT INTO public.golfers (id, name, age) VALUES ('bd6340ae-3d77-42b0-aa71-eb994faed9fc', 'Peter Malnati', 38);
INSERT INTO public.golfer_aliases (golfer_id, alias_name) VALUES ('bd6340ae-3d77-42b0-aa71-eb994faed9fc', 'Peter Malnati');
INSERT INTO public.golfers (id, name, age) VALUES ('8375e600-6fd8-4eb8-a2e5-a762fd6c0dd1', 'Hayden Springer', 29);
INSERT INTO public.golfer_aliases (golfer_id, alias_name) VALUES ('8375e600-6fd8-4eb8-a2e5-a762fd6c0dd1', 'Hayden Springer');
INSERT INTO public.golfers (id, name, age) VALUES ('63f36a55-977d-4b89-9486-0e6278012e3e', 'Matt Kuchar', 47);
INSERT INTO public.golfer_aliases (golfer_id, alias_name) VALUES ('63f36a55-977d-4b89-9486-0e6278012e3e', 'Matt Kuchar');
INSERT INTO public.golfers (id, name, age) VALUES ('359c6f18-9396-49bc-a387-31eb0f1332d0', 'S.T. Lee', 30);
INSERT INTO public.golfer_aliases (golfer_id, alias_name) VALUES ('359c6f18-9396-49bc-a387-31eb0f1332d0', 'S.T. Lee');
INSERT INTO public.golfers (id, name, age) VALUES ('4b43d7f6-de8a-4714-a8bc-a1328a8e5a09', 'Webb Simpson', 40);
INSERT INTO public.golfer_aliases (golfer_id, alias_name) VALUES ('4b43d7f6-de8a-4714-a8bc-a1328a8e5a09', 'Webb Simpson');
INSERT INTO public.golfers (id, name, age) VALUES ('4721b45e-5640-40d6-953d-611d76e6b0a8', 'Nick Dunlap', 22);
INSERT INTO public.golfer_aliases (golfer_id, alias_name) VALUES ('4721b45e-5640-40d6-953d-611d76e6b0a8', 'Nick Dunlap');
INSERT INTO public.golfers (id, name, age) VALUES ('4b1b34f4-e816-4e10-b67e-aee354ebcea5', 'Neal Shipley', NULL);
INSERT INTO public.golfer_aliases (golfer_id, alias_name) VALUES ('4b1b34f4-e816-4e10-b67e-aee354ebcea5', 'Neal Shipley');
INSERT INTO public.golfers (id, name, age) VALUES ('e2c1d665-d433-4d96-9030-81f53abd0119', 'Danny Willett', 38);
INSERT INTO public.golfer_aliases (golfer_id, alias_name) VALUES ('e2c1d665-d433-4d96-9030-81f53abd0119', 'Danny Willett');
INSERT INTO public.golfers (id, name, age) VALUES ('7921790c-b5e0-47f2-9a7f-c42749809b81', 'Ben Kohles', 36);
INSERT INTO public.golfer_aliases (golfer_id, alias_name) VALUES ('7921790c-b5e0-47f2-9a7f-c42749809b81', 'Ben Kohles');
INSERT INTO public.golfers (id, name, age) VALUES ('5748619c-17fc-4542-b542-a08a72b58d3d', 'Tyler Duncan', 36);
INSERT INTO public.golfer_aliases (golfer_id, alias_name) VALUES ('5748619c-17fc-4542-b542-a08a72b58d3d', 'Tyler Duncan');
INSERT INTO public.golfers (id, name, age) VALUES ('0b0923e3-149b-4c34-b7b2-3b3219099198', 'Frankie Capan III', 26);
INSERT INTO public.golfer_aliases (golfer_id, alias_name) VALUES ('0b0923e3-149b-4c34-b7b2-3b3219099198', 'Frankie Capan III');
INSERT INTO public.golfers (id, name, age) VALUES ('9a39c27e-2cf2-4f28-8a86-664d1d14d47e', 'Martin Laird', 43);
INSERT INTO public.golfer_aliases (golfer_id, alias_name) VALUES ('9a39c27e-2cf2-4f28-8a86-664d1d14d47e', 'Martin Laird');
INSERT INTO public.golfers (id, name, age) VALUES ('ece3c614-e504-4b11-b6d4-a0b0b3c2453c', 'Henrik Norlander', 38);
INSERT INTO public.golfer_aliases (golfer_id, alias_name) VALUES ('ece3c614-e504-4b11-b6d4-a0b0b3c2453c', 'Henrik Norlander');
INSERT INTO public.golfers (id, name, age) VALUES ('f8630817-6f8f-4598-92bf-28165dda77be', 'Robert Streb', 38);
INSERT INTO public.golfer_aliases (golfer_id, alias_name) VALUES ('f8630817-6f8f-4598-92bf-28165dda77be', 'Robert Streb');
INSERT INTO public.golfers (id, name, age) VALUES ('acdd9219-58dc-4ccc-a873-558d37b4b1cf', 'Camilo Villegas', 44);
INSERT INTO public.golfer_aliases (golfer_id, alias_name) VALUES ('acdd9219-58dc-4ccc-a873-558d37b4b1cf', 'Camilo Villegas');
INSERT INTO public.golfers (id, name, age) VALUES ('fdce0f7d-73c9-437f-a936-16dab4cebe50', 'James Hahn', 44);
INSERT INTO public.golfer_aliases (golfer_id, alias_name) VALUES ('fdce0f7d-73c9-437f-a936-16dab4cebe50', 'James Hahn');
INSERT INTO public.golfers (id, name, age) VALUES ('1ce641eb-30eb-4998-99ca-92b30cfb1402', 'Troy Merritt', 40);
INSERT INTO public.golfer_aliases (golfer_id, alias_name) VALUES ('1ce641eb-30eb-4998-99ca-92b30cfb1402', 'Troy Merritt');

-- Insert Tournaments
INSERT INTO public.tournaments (id, name, start_date, end_date, course_name, city, state, country, status) VALUES ('deb22cde-1b52-4677-9ee4-20e097af40d2', 'The Players Championship', '3/12/2026', '3/15/2026', '', 'Ponte Vedra Beach', 'FL', 'USA', 'upcoming');
INSERT INTO public.tournaments (id, name, start_date, end_date, course_name, city, state, country, status) VALUES ('ca570765-38d8-4dd1-822a-7730a2309865', 'Masters Tournament', '4/9/2026', '4/12/2026', '', 'Augusta', 'GA', 'USA', 'upcoming');
INSERT INTO public.tournaments (id, name, start_date, end_date, course_name, city, state, country, status) VALUES ('0e6d2f50-c820-4fb1-be5f-bda87ac06e71', 'PGA Championship', '5/14/2026', '5/17/2026', '', 'Newtown Square', 'PA', 'USA', 'upcoming');
INSERT INTO public.tournaments (id, name, start_date, end_date, course_name, city, state, country, status) VALUES ('1a6a28b8-d022-4548-81a2-85b667ec5794', 'U.S. Open', '6/18/2026', '6/21/2026', '', 'Southampton', 'NY', 'USA', 'upcoming');
INSERT INTO public.tournaments (id, name, start_date, end_date, course_name, city, state, country, status) VALUES ('615113ba-6c7e-4a5f-832e-a22e21ec2c04', 'The Open Championship', '7/16/2026', '7/19/2026', '', 'Southport', '', 'England', 'upcoming');
INSERT INTO public.tournaments (id, name, start_date, end_date, course_name, city, state, country, status) VALUES ('4fd45b83-2596-4bea-ba6b-9dcf17fe3955', 'FedEx St. Jude Championship', '8/3/2026', '8/16/2026', '', 'Memphis', 'TN', 'USA', 'upcoming');
INSERT INTO public.tournaments (id, name, start_date, end_date, course_name, city, state, country, status) VALUES ('bcb7826d-f802-43ee-a5e6-2666e77ed6ef', 'BMW Championship', '8/20/2026', '8/23/2026', '', 'St. Louis', 'MO', 'USA', 'upcoming');
INSERT INTO public.tournaments (id, name, start_date, end_date, course_name, city, state, country, status) VALUES ('77478be0-afc1-4bab-baa8-c3899afb5f05', 'Tour Championship', '8/27/2026', '8/30/2026', '', 'Atlanta', 'GA', 'USA', 'upcoming');

-- Insert The Players Championship Field
-- WARNING: Could not find golfer ID for: Ludvig Aberg
INSERT INTO public.tournament_golfers (tournament_id, golfer_id, dg_rank, owg_rank) VALUES ('deb22cde-1b52-4677-9ee4-20e097af40d2', '9575938f-9157-44e6-ae83-49beaf78a2aa', 161, 172) ON CONFLICT DO NOTHING;
INSERT INTO public.tournament_golfers (tournament_id, golfer_id, dg_rank, owg_rank) VALUES ('deb22cde-1b52-4677-9ee4-20e097af40d2', 'ba9ef8ec-6bd3-4ab6-ad70-1ef82c8914c0', 49, 34) ON CONFLICT DO NOTHING;
INSERT INTO public.tournament_golfers (tournament_id, golfer_id, dg_rank, owg_rank) VALUES ('deb22cde-1b52-4677-9ee4-20e097af40d2', '99d4420f-ffbb-463d-993f-92284870787b', 48, 89) ON CONFLICT DO NOTHING;
INSERT INTO public.tournament_golfers (tournament_id, golfer_id, dg_rank, owg_rank) VALUES ('deb22cde-1b52-4677-9ee4-20e097af40d2', 'f1b6a0e0-d3c1-40c5-823a-b9cda04c43a1', 17, 19) ON CONFLICT DO NOTHING;
INSERT INTO public.tournament_golfers (tournament_id, golfer_id, dg_rank, owg_rank) VALUES ('deb22cde-1b52-4677-9ee4-20e097af40d2', '30739d1a-b4b5-49c3-9edc-b93b3f972c61', 39, 23) ON CONFLICT DO NOTHING;
INSERT INTO public.tournament_golfers (tournament_id, golfer_id, dg_rank, owg_rank) VALUES ('deb22cde-1b52-4677-9ee4-20e097af40d2', '6b1cbf1e-f896-4031-a1d7-dd6775ff796d', 108, 45) ON CONFLICT DO NOTHING;
INSERT INTO public.tournament_golfers (tournament_id, golfer_id, dg_rank, owg_rank) VALUES ('deb22cde-1b52-4677-9ee4-20e097af40d2', '46b5dc42-a669-41d0-85e2-90c4c16edfb7', 30, 22) ON CONFLICT DO NOTHING;
INSERT INTO public.tournament_golfers (tournament_id, golfer_id, dg_rank, owg_rank) VALUES ('deb22cde-1b52-4677-9ee4-20e097af40d2', 'e0cc5e7f-f447-4c4f-af0f-c32eaa055360', 27, 32) ON CONFLICT DO NOTHING;
INSERT INTO public.tournament_golfers (tournament_id, golfer_id, dg_rank, owg_rank) VALUES ('deb22cde-1b52-4677-9ee4-20e097af40d2', 'd8b30048-b2e9-4e72-9c5d-2a0f23acead0', 348, 96) ON CONFLICT DO NOTHING;
INSERT INTO public.tournament_golfers (tournament_id, golfer_id, dg_rank, owg_rank) VALUES ('deb22cde-1b52-4677-9ee4-20e097af40d2', '55e89181-ce50-4ef8-a78e-049dda15c881', 25, 33) ON CONFLICT DO NOTHING;
INSERT INTO public.tournament_golfers (tournament_id, golfer_id, dg_rank, owg_rank) VALUES ('deb22cde-1b52-4677-9ee4-20e097af40d2', '675c778b-fdad-4b08-8525-2dd0d962fb2b', 61, 95) ON CONFLICT DO NOTHING;
INSERT INTO public.tournament_golfers (tournament_id, golfer_id, dg_rank, owg_rank) VALUES ('deb22cde-1b52-4677-9ee4-20e097af40d2', '14ef6d0b-eb62-4878-9806-b23d8f9078d3', 107, 81) ON CONFLICT DO NOTHING;
INSERT INTO public.tournament_golfers (tournament_id, golfer_id, dg_rank, owg_rank) VALUES ('deb22cde-1b52-4677-9ee4-20e097af40d2', 'd1e6f097-4c11-4944-ad0e-b08e9be536b7', 84, 68) ON CONFLICT DO NOTHING;
INSERT INTO public.tournament_golfers (tournament_id, golfer_id, dg_rank, owg_rank) VALUES ('deb22cde-1b52-4677-9ee4-20e097af40d2', '2790513c-cbbb-4fa4-ab56-b7147a0429dd', 124, 121) ON CONFLICT DO NOTHING;
INSERT INTO public.tournament_golfers (tournament_id, golfer_id, dg_rank, owg_rank) VALUES ('deb22cde-1b52-4677-9ee4-20e097af40d2', '2deda86e-a616-453b-8c7e-eb82f5c56c83', 55, 39) ON CONFLICT DO NOTHING;
INSERT INTO public.tournament_golfers (tournament_id, golfer_id, dg_rank, owg_rank) VALUES ('deb22cde-1b52-4677-9ee4-20e097af40d2', '2ab1d0f0-00c3-4a79-ab32-c1fb27b675b4', 38, 48) ON CONFLICT DO NOTHING;
INSERT INTO public.tournament_golfers (tournament_id, golfer_id, dg_rank, owg_rank) VALUES ('deb22cde-1b52-4677-9ee4-20e097af40d2', '83967c02-1be0-4096-8d3a-5efd1352ef6c', 115, 163) ON CONFLICT DO NOTHING;
INSERT INTO public.tournament_golfers (tournament_id, golfer_id, dg_rank, owg_rank) VALUES ('deb22cde-1b52-4677-9ee4-20e097af40d2', 'a8847091-f151-416d-96de-ed64a94035cd', NULL, 179) ON CONFLICT DO NOTHING;
INSERT INTO public.tournament_golfers (tournament_id, golfer_id, dg_rank, owg_rank) VALUES ('deb22cde-1b52-4677-9ee4-20e097af40d2', 'dbfe4808-bb4f-42da-bdf9-698d335958b0', 43, 40) ON CONFLICT DO NOTHING;
INSERT INTO public.tournament_golfers (tournament_id, golfer_id, dg_rank, owg_rank) VALUES ('deb22cde-1b52-4677-9ee4-20e097af40d2', '7b37da74-d3f3-4bf1-9d67-bb763b81441a', 116, 178) ON CONFLICT DO NOTHING;
INSERT INTO public.tournament_golfers (tournament_id, golfer_id, dg_rank, owg_rank) VALUES ('deb22cde-1b52-4677-9ee4-20e097af40d2', '50b819e0-2539-4aa1-b738-1803325f0a47', 64, 37) ON CONFLICT DO NOTHING;
INSERT INTO public.tournament_golfers (tournament_id, golfer_id, dg_rank, owg_rank) VALUES ('deb22cde-1b52-4677-9ee4-20e097af40d2', '547a5338-ec2e-4037-838c-6b1f3b78d7fa', 19, 16) ON CONFLICT DO NOTHING;
INSERT INTO public.tournament_golfers (tournament_id, golfer_id, dg_rank, owg_rank) VALUES ('deb22cde-1b52-4677-9ee4-20e097af40d2', 'e73c93e3-8fb1-4ece-a064-6a2bca579a7e', 236, 296) ON CONFLICT DO NOTHING;
INSERT INTO public.tournament_golfers (tournament_id, golfer_id, dg_rank, owg_rank) VALUES ('deb22cde-1b52-4677-9ee4-20e097af40d2', '35131a9c-4b0b-4288-b205-dbfad2bb9926', 106, 104) ON CONFLICT DO NOTHING;
INSERT INTO public.tournament_golfers (tournament_id, golfer_id, dg_rank, owg_rank) VALUES ('deb22cde-1b52-4677-9ee4-20e097af40d2', '15e7e0e4-aade-4bea-bc76-018dd4de571d', 152, 128) ON CONFLICT DO NOTHING;
INSERT INTO public.tournament_golfers (tournament_id, golfer_id, dg_rank, owg_rank) VALUES ('deb22cde-1b52-4677-9ee4-20e097af40d2', '8a7e538b-0cc6-48f9-800c-4fad87a4b0e5', 11, 24) ON CONFLICT DO NOTHING;
INSERT INTO public.tournament_golfers (tournament_id, golfer_id, dg_rank, owg_rank) VALUES ('deb22cde-1b52-4677-9ee4-20e097af40d2', 'b4c377e7-c98e-4548-80d5-8cdf9ecb2c74', 5, 3) ON CONFLICT DO NOTHING;
INSERT INTO public.tournament_golfers (tournament_id, golfer_id, dg_rank, owg_rank) VALUES ('deb22cde-1b52-4677-9ee4-20e097af40d2', '4bfd5473-574b-4867-b4a5-8c2a6fb27472', 18, 60) ON CONFLICT DO NOTHING;
INSERT INTO public.tournament_golfers (tournament_id, golfer_id, dg_rank, owg_rank) VALUES ('deb22cde-1b52-4677-9ee4-20e097af40d2', 'c6839f19-b6c7-4374-8034-ecd7f77948bb', 52, 44) ON CONFLICT DO NOTHING;
INSERT INTO public.tournament_golfers (tournament_id, golfer_id, dg_rank, owg_rank) VALUES ('deb22cde-1b52-4677-9ee4-20e097af40d2', '810e5026-a9d1-48ea-91f7-f67262adc4c3', 35, 27) ON CONFLICT DO NOTHING;
INSERT INTO public.tournament_golfers (tournament_id, golfer_id, dg_rank, owg_rank) VALUES ('deb22cde-1b52-4677-9ee4-20e097af40d2', '5725654d-950c-4971-8083-991dddab992d', 82, 78) ON CONFLICT DO NOTHING;
INSERT INTO public.tournament_golfers (tournament_id, golfer_id, dg_rank, owg_rank) VALUES ('deb22cde-1b52-4677-9ee4-20e097af40d2', 'b5fd1849-ea0b-4dff-9c84-ea03ac417d70', 32, 7) ON CONFLICT DO NOTHING;
INSERT INTO public.tournament_golfers (tournament_id, golfer_id, dg_rank, owg_rank) VALUES ('deb22cde-1b52-4677-9ee4-20e097af40d2', '17663c93-92ad-4d30-897e-5d2f284a1942', 54, 54) ON CONFLICT DO NOTHING;
INSERT INTO public.tournament_golfers (tournament_id, golfer_id, dg_rank, owg_rank) VALUES ('deb22cde-1b52-4677-9ee4-20e097af40d2', 'f62c6903-7bc0-444a-b883-b2d89fab14ff', 16, 13) ON CONFLICT DO NOTHING;
INSERT INTO public.tournament_golfers (tournament_id, golfer_id, dg_rank, owg_rank) VALUES ('deb22cde-1b52-4677-9ee4-20e097af40d2', 'f27038f4-336f-4ca5-a220-cb2932f2c9c7', 127, 113) ON CONFLICT DO NOTHING;
INSERT INTO public.tournament_golfers (tournament_id, golfer_id, dg_rank, owg_rank) VALUES ('deb22cde-1b52-4677-9ee4-20e097af40d2', 'fd361109-c289-4bec-a8bf-54fad74ebc4e', 26, 56) ON CONFLICT DO NOTHING;
INSERT INTO public.tournament_golfers (tournament_id, golfer_id, dg_rank, owg_rank) VALUES ('deb22cde-1b52-4677-9ee4-20e097af40d2', '2fd1613e-04b2-416d-932d-20fd21034607', 134, 58) ON CONFLICT DO NOTHING;
INSERT INTO public.tournament_golfers (tournament_id, golfer_id, dg_rank, owg_rank) VALUES ('deb22cde-1b52-4677-9ee4-20e097af40d2', '1fe2b3eb-c5e9-4aa0-b189-24c8e3b26aca', 4, 6) ON CONFLICT DO NOTHING;
INSERT INTO public.tournament_golfers (tournament_id, golfer_id, dg_rank, owg_rank) VALUES ('deb22cde-1b52-4677-9ee4-20e097af40d2', 'ffda34ce-9d97-4b1e-906a-3d6bf3143e6e', 114, 74) ON CONFLICT DO NOTHING;
INSERT INTO public.tournament_golfers (tournament_id, golfer_id, dg_rank, owg_rank) VALUES ('deb22cde-1b52-4677-9ee4-20e097af40d2', '156d276b-7961-4f98-a5ce-014d7f4e2a0f', 488, 132) ON CONFLICT DO NOTHING;
INSERT INTO public.tournament_golfers (tournament_id, golfer_id, dg_rank, owg_rank) VALUES ('deb22cde-1b52-4677-9ee4-20e097af40d2', 'e37e58cd-36f1-4e89-b54b-186fccd823a8', 87, 65) ON CONFLICT DO NOTHING;
INSERT INTO public.tournament_golfers (tournament_id, golfer_id, dg_rank, owg_rank) VALUES ('deb22cde-1b52-4677-9ee4-20e097af40d2', 'e7e480c3-99ae-4a62-804e-b1502dcc48c6', 135, 133) ON CONFLICT DO NOTHING;
INSERT INTO public.tournament_golfers (tournament_id, golfer_id, dg_rank, owg_rank) VALUES ('deb22cde-1b52-4677-9ee4-20e097af40d2', 'da735256-1b16-4b6b-91f7-232f2aa5f1fa', 137, 80) ON CONFLICT DO NOTHING;
INSERT INTO public.tournament_golfers (tournament_id, golfer_id, dg_rank, owg_rank) VALUES ('deb22cde-1b52-4677-9ee4-20e097af40d2', 'c9882326-f6b0-42b3-80ba-0e4b812dd620', 162, 98) ON CONFLICT DO NOTHING;
-- WARNING: Could not find golfer ID for: Nicolai Hojgaard
-- WARNING: Could not find golfer ID for: Rasmus Hojgaard
INSERT INTO public.tournament_golfers (tournament_id, golfer_id, dg_rank, owg_rank) VALUES ('deb22cde-1b52-4677-9ee4-20e097af40d2', '94d5e290-83f6-4b9b-bce2-7ece55e938dc', 90, 149) ON CONFLICT DO NOTHING;
INSERT INTO public.tournament_golfers (tournament_id, golfer_id, dg_rank, owg_rank) VALUES ('deb22cde-1b52-4677-9ee4-20e097af40d2', 'ac7c11b4-99d9-4bfe-960f-b14a372d7efb', 23, 18) ON CONFLICT DO NOTHING;
INSERT INTO public.tournament_golfers (tournament_id, golfer_id, dg_rank, owg_rank) VALUES ('deb22cde-1b52-4677-9ee4-20e097af40d2', 'a310dbae-2e4b-400a-9dcb-9b5c317268f1', 178, 139) ON CONFLICT DO NOTHING;
INSERT INTO public.tournament_golfers (tournament_id, golfer_id, dg_rank, owg_rank) VALUES ('deb22cde-1b52-4677-9ee4-20e097af40d2', '4b19d66e-52cc-4692-b4b8-c6bceb6be61c', 103, 110) ON CONFLICT DO NOTHING;
-- WARNING: Could not find golfer ID for: Sungjae Im
INSERT INTO public.tournament_golfers (tournament_id, golfer_id, dg_rank, owg_rank) VALUES ('deb22cde-1b52-4677-9ee4-20e097af40d2', '0d9dae8c-b199-4d41-bdae-23b9566b7959', 120, 109) ON CONFLICT DO NOTHING;
INSERT INTO public.tournament_golfers (tournament_id, golfer_id, dg_rank, owg_rank) VALUES ('deb22cde-1b52-4677-9ee4-20e097af40d2', '6c3fabb7-d77f-407f-a7ff-a8da8673adef', 122, 127) ON CONFLICT DO NOTHING;
INSERT INTO public.tournament_golfers (tournament_id, golfer_id, dg_rank, owg_rank) VALUES ('deb22cde-1b52-4677-9ee4-20e097af40d2', '4c32cc3a-e7b1-4aa7-9567-cf923d122d91', 91, 67) ON CONFLICT DO NOTHING;
INSERT INTO public.tournament_golfers (tournament_id, golfer_id, dg_rank, owg_rank) VALUES ('deb22cde-1b52-4677-9ee4-20e097af40d2', '1b0e2826-023f-4fc6-acb5-c0d668594333', 88, 55) ON CONFLICT DO NOTHING;
INSERT INTO public.tournament_golfers (tournament_id, golfer_id, dg_rank, owg_rank) VALUES ('deb22cde-1b52-4677-9ee4-20e097af40d2', '621b426e-b8a7-434f-b0fe-007210b33c54', 164, 153) ON CONFLICT DO NOTHING;
INSERT INTO public.tournament_golfers (tournament_id, golfer_id, dg_rank, owg_rank) VALUES ('deb22cde-1b52-4677-9ee4-20e097af40d2', 'b562f5c8-5576-46f3-868c-3ea4346a2440', 8, 28) ON CONFLICT DO NOTHING;
INSERT INTO public.tournament_golfers (tournament_id, golfer_id, dg_rank, owg_rank) VALUES ('deb22cde-1b52-4677-9ee4-20e097af40d2', '376ac1b3-41c2-41a4-92d0-9dfd0e9f4145', 104, 99) ON CONFLICT DO NOTHING;
INSERT INTO public.tournament_golfers (tournament_id, golfer_id, dg_rank, owg_rank) VALUES ('deb22cde-1b52-4677-9ee4-20e097af40d2', 'b4cabbb1-b8a0-4f64-a36f-991c7f1645a4', 28, 31) ON CONFLICT DO NOTHING;
INSERT INTO public.tournament_golfers (tournament_id, golfer_id, dg_rank, owg_rank) VALUES ('deb22cde-1b52-4677-9ee4-20e097af40d2', 'dc1b5bbb-3ce4-4185-85da-7cea800dd664', 193, 230) ON CONFLICT DO NOTHING;
INSERT INTO public.tournament_golfers (tournament_id, golfer_id, dg_rank, owg_rank) VALUES ('deb22cde-1b52-4677-9ee4-20e097af40d2', '5fe5c16f-5cd2-4e70-ab3f-b8532bcf7442', 15, 42) ON CONFLICT DO NOTHING;
INSERT INTO public.tournament_golfers (tournament_id, golfer_id, dg_rank, owg_rank) VALUES ('deb22cde-1b52-4677-9ee4-20e097af40d2', 'cbf70915-179c-41aa-9018-9ea0ee1f9463', 136, 221) ON CONFLICT DO NOTHING;
INSERT INTO public.tournament_golfers (tournament_id, golfer_id, dg_rank, owg_rank) VALUES ('deb22cde-1b52-4677-9ee4-20e097af40d2', '6702866e-0398-46dd-bf34-e8ef27459f19', 22, 30) ON CONFLICT DO NOTHING;
INSERT INTO public.tournament_golfers (tournament_id, golfer_id, dg_rank, owg_rank) VALUES ('deb22cde-1b52-4677-9ee4-20e097af40d2', '991bbc97-852e-49c6-852f-e0fa080b9094', 77, 75) ON CONFLICT DO NOTHING;
INSERT INTO public.tournament_golfers (tournament_id, golfer_id, dg_rank, owg_rank) VALUES ('deb22cde-1b52-4677-9ee4-20e097af40d2', '0fa86d44-3abb-4254-a0d4-04c2620e8db6', 20, 29) ON CONFLICT DO NOTHING;
INSERT INTO public.tournament_golfers (tournament_id, golfer_id, dg_rank, owg_rank) VALUES ('deb22cde-1b52-4677-9ee4-20e097af40d2', 'f713303b-14d3-441c-b1e8-5a21cec06bbb', 12, 8) ON CONFLICT DO NOTHING;
INSERT INTO public.tournament_golfers (tournament_id, golfer_id, dg_rank, owg_rank) VALUES ('deb22cde-1b52-4677-9ee4-20e097af40d2', '292c742d-4907-4cb1-ba45-806c6ed03a4d', 10, 12) ON CONFLICT DO NOTHING;
INSERT INTO public.tournament_golfers (tournament_id, golfer_id, dg_rank, owg_rank) VALUES ('deb22cde-1b52-4677-9ee4-20e097af40d2', '7c662813-47bb-47f9-8fe3-0f3140a2be7b', 75, 94) ON CONFLICT DO NOTHING;
INSERT INTO public.tournament_golfers (tournament_id, golfer_id, dg_rank, owg_rank) VALUES ('deb22cde-1b52-4677-9ee4-20e097af40d2', '22903d71-5584-453a-9006-b29a888f05cf', 50, 43) ON CONFLICT DO NOTHING;
INSERT INTO public.tournament_golfers (tournament_id, golfer_id, dg_rank, owg_rank) VALUES ('deb22cde-1b52-4677-9ee4-20e097af40d2', '1bdcfb0d-6b6b-4829-b65d-c4b021460436', 66, 72) ON CONFLICT DO NOTHING;
INSERT INTO public.tournament_golfers (tournament_id, golfer_id, dg_rank, owg_rank) VALUES ('deb22cde-1b52-4677-9ee4-20e097af40d2', '88d8b696-0684-4228-bb58-aac84b3fba4a', 3, 2) ON CONFLICT DO NOTHING;
INSERT INTO public.tournament_golfers (tournament_id, golfer_id, dg_rank, owg_rank) VALUES ('deb22cde-1b52-4677-9ee4-20e097af40d2', '127e57bc-a0f5-4ff0-9e80-2333418996bc', 21, 25) ON CONFLICT DO NOTHING;
INSERT INTO public.tournament_golfers (tournament_id, golfer_id, dg_rank, owg_rank) VALUES ('deb22cde-1b52-4677-9ee4-20e097af40d2', '46abc33a-cd6c-4967-8efa-d5b9ec07fd01', 73, 106) ON CONFLICT DO NOTHING;
INSERT INTO public.tournament_golfers (tournament_id, golfer_id, dg_rank, owg_rank) VALUES ('deb22cde-1b52-4677-9ee4-20e097af40d2', '7a6ab1be-4dfe-4511-a7fe-0a0fdeb437df', 57, 114) ON CONFLICT DO NOTHING;
INSERT INTO public.tournament_golfers (tournament_id, golfer_id, dg_rank, owg_rank) VALUES ('deb22cde-1b52-4677-9ee4-20e097af40d2', '184552a1-5b6d-4aa1-a598-8cdfeb277a81', 131, 140) ON CONFLICT DO NOTHING;
INSERT INTO public.tournament_golfers (tournament_id, golfer_id, dg_rank, owg_rank) VALUES ('deb22cde-1b52-4677-9ee4-20e097af40d2', 'f2899859-783d-4588-ada5-8040639e3cb4', 9, 4) ON CONFLICT DO NOTHING;
INSERT INTO public.tournament_golfers (tournament_id, golfer_id, dg_rank, owg_rank) VALUES ('deb22cde-1b52-4677-9ee4-20e097af40d2', '78fc1b92-19e1-4bc8-95cb-42e3502d619d', 158, 126) ON CONFLICT DO NOTHING;
INSERT INTO public.tournament_golfers (tournament_id, golfer_id, dg_rank, owg_rank) VALUES ('deb22cde-1b52-4677-9ee4-20e097af40d2', '152b0091-522c-49c8-925e-30aef09e444b', 24, 17) ON CONFLICT DO NOTHING;
INSERT INTO public.tournament_golfers (tournament_id, golfer_id, dg_rank, owg_rank) VALUES ('deb22cde-1b52-4677-9ee4-20e097af40d2', '046adfe0-0932-4b03-8057-991cbffce8fa', 98, 47) ON CONFLICT DO NOTHING;
-- WARNING: Could not find golfer ID for: Thorbjorn Olesen
INSERT INTO public.tournament_golfers (tournament_id, golfer_id, dg_rank, owg_rank) VALUES ('deb22cde-1b52-4677-9ee4-20e097af40d2', '4f113f65-6562-42aa-931c-94d1699fc0d3', 219, 263) ON CONFLICT DO NOTHING;
INSERT INTO public.tournament_golfers (tournament_id, golfer_id, dg_rank, owg_rank) VALUES ('deb22cde-1b52-4677-9ee4-20e097af40d2', 'c0bdb1ed-0f97-4abd-8d2c-64126809cbe2', 44, 66) ON CONFLICT DO NOTHING;
INSERT INTO public.tournament_golfers (tournament_id, golfer_id, dg_rank, owg_rank) VALUES ('deb22cde-1b52-4677-9ee4-20e097af40d2', '24a06ec0-d2ca-4a1b-8e2a-679dd0488d3d', 92, 38) ON CONFLICT DO NOTHING;
INSERT INTO public.tournament_golfers (tournament_id, golfer_id, dg_rank, owg_rank) VALUES ('deb22cde-1b52-4677-9ee4-20e097af40d2', '0a74888d-5c88-40b4-9e05-ade753a4b502', 187, 168) ON CONFLICT DO NOTHING;
INSERT INTO public.tournament_golfers (tournament_id, golfer_id, dg_rank, owg_rank) VALUES ('deb22cde-1b52-4677-9ee4-20e097af40d2', '3b1a4252-3d1a-4b3b-b817-e0a585738a39', 76, 70) ON CONFLICT DO NOTHING;
INSERT INTO public.tournament_golfers (tournament_id, golfer_id, dg_rank, owg_rank) VALUES ('deb22cde-1b52-4677-9ee4-20e097af40d2', '052db30c-bd41-4f38-bd83-3c7109fb44ce', 226, 71) ON CONFLICT DO NOTHING;
-- WARNING: Could not find golfer ID for: Seamus Power
INSERT INTO public.tournament_golfers (tournament_id, golfer_id, dg_rank, owg_rank) VALUES ('deb22cde-1b52-4677-9ee4-20e097af40d2', '1e1fcd11-0726-483f-bf75-b027180d2c7e', 153, 122) ON CONFLICT DO NOTHING;
INSERT INTO public.tournament_golfers (tournament_id, golfer_id, dg_rank, owg_rank) VALUES ('deb22cde-1b52-4677-9ee4-20e097af40d2', '65012027-b342-494e-b954-dfe2659b4a10', 63, 35) ON CONFLICT DO NOTHING;
INSERT INTO public.tournament_golfers (tournament_id, golfer_id, dg_rank, owg_rank) VALUES ('deb22cde-1b52-4677-9ee4-20e097af40d2', 'fd2bc7d7-d3c8-4823-83ac-25b208c38455', 144, 155) ON CONFLICT DO NOTHING;
INSERT INTO public.tournament_golfers (tournament_id, golfer_id, dg_rank, owg_rank) VALUES ('deb22cde-1b52-4677-9ee4-20e097af40d2', '44ec588a-16ea-4a5c-af32-06d602e72b43', 67, 46) ON CONFLICT DO NOTHING;
INSERT INTO public.tournament_golfers (tournament_id, golfer_id, dg_rank, owg_rank) VALUES ('deb22cde-1b52-4677-9ee4-20e097af40d2', 'd0b3c0e4-885c-4307-b21d-e9cc96c00b40', 273, 107) ON CONFLICT DO NOTHING;
INSERT INTO public.tournament_golfers (tournament_id, golfer_id, dg_rank, owg_rank) VALUES ('deb22cde-1b52-4677-9ee4-20e097af40d2', 'a9dc2bcd-8776-40d8-9c08-68ec799a1be4', 68, 85) ON CONFLICT DO NOTHING;
INSERT INTO public.tournament_golfers (tournament_id, golfer_id, dg_rank, owg_rank) VALUES ('deb22cde-1b52-4677-9ee4-20e097af40d2', 'fbaab120-e6b9-4a61-940b-c37e40c53703', 41, 5) ON CONFLICT DO NOTHING;
INSERT INTO public.tournament_golfers (tournament_id, golfer_id, dg_rank, owg_rank) VALUES ('deb22cde-1b52-4677-9ee4-20e097af40d2', '99d99db2-55cb-488e-933a-87247e6c0c0d', 102, 138) ON CONFLICT DO NOTHING;
INSERT INTO public.tournament_golfers (tournament_id, golfer_id, dg_rank, owg_rank) VALUES ('deb22cde-1b52-4677-9ee4-20e097af40d2', 'c9fdd315-fde6-4f72-96a7-666f37a5c988', 6, 10) ON CONFLICT DO NOTHING;
INSERT INTO public.tournament_golfers (tournament_id, golfer_id, dg_rank, owg_rank) VALUES ('deb22cde-1b52-4677-9ee4-20e097af40d2', 'b2ed149c-75db-4508-8b65-e0883afd059c', 1, 1) ON CONFLICT DO NOTHING;
INSERT INTO public.tournament_golfers (tournament_id, golfer_id, dg_rank, owg_rank) VALUES ('deb22cde-1b52-4677-9ee4-20e097af40d2', '2d27dd1c-20de-4998-a276-7dddb478a2de', 388, 141) ON CONFLICT DO NOTHING;
INSERT INTO public.tournament_golfers (tournament_id, golfer_id, dg_rank, owg_rank) VALUES ('deb22cde-1b52-4677-9ee4-20e097af40d2', '4e2701bd-fd61-4d2b-ab26-9b4866a3074e', 140, 90) ON CONFLICT DO NOTHING;
INSERT INTO public.tournament_golfers (tournament_id, golfer_id, dg_rank, owg_rank) VALUES ('deb22cde-1b52-4677-9ee4-20e097af40d2', 'ac4f6306-8036-4329-92ee-fda7bfe2eecf', 29, 50) ON CONFLICT DO NOTHING;
INSERT INTO public.tournament_golfers (tournament_id, golfer_id, dg_rank, owg_rank) VALUES ('deb22cde-1b52-4677-9ee4-20e097af40d2', '471f5f52-417b-453a-8161-4798b8525c7b', 89, 123) ON CONFLICT DO NOTHING;
INSERT INTO public.tournament_golfers (tournament_id, golfer_id, dg_rank, owg_rank) VALUES ('deb22cde-1b52-4677-9ee4-20e097af40d2', '5f83a655-436f-46dc-b90e-b1021f692c23', 70, 93) ON CONFLICT DO NOTHING;
INSERT INTO public.tournament_golfers (tournament_id, golfer_id, dg_rank, owg_rank) VALUES ('deb22cde-1b52-4677-9ee4-20e097af40d2', 'b231407e-2eeb-4340-b555-6dd7e5a7fb7e', 133, 100) ON CONFLICT DO NOTHING;
INSERT INTO public.tournament_golfers (tournament_id, golfer_id, dg_rank, owg_rank) VALUES ('deb22cde-1b52-4677-9ee4-20e097af40d2', '40fb791a-e8c5-4685-8dd3-014daa3aea88', 31, 11) ON CONFLICT DO NOTHING;
INSERT INTO public.tournament_golfers (tournament_id, golfer_id, dg_rank, owg_rank) VALUES ('deb22cde-1b52-4677-9ee4-20e097af40d2', 'f624cdf8-5ea8-49ed-9204-55c9bea9f9e1', 36, 64) ON CONFLICT DO NOTHING;
INSERT INTO public.tournament_golfers (tournament_id, golfer_id, dg_rank, owg_rank) VALUES ('deb22cde-1b52-4677-9ee4-20e097af40d2', 'b951fe7d-41fa-4aa9-9496-85778ff1cef5', 59, 49) ON CONFLICT DO NOTHING;
INSERT INTO public.tournament_golfers (tournament_id, golfer_id, dg_rank, owg_rank) VALUES ('deb22cde-1b52-4677-9ee4-20e097af40d2', '922c3e90-a824-44e1-aa6b-ed585d75b836', 34, 9) ON CONFLICT DO NOTHING;
INSERT INTO public.tournament_golfers (tournament_id, golfer_id, dg_rank, owg_rank) VALUES ('deb22cde-1b52-4677-9ee4-20e097af40d2', 'fbd02bdd-5178-4b04-b4cd-31ec50d60c4b', 37, 62) ON CONFLICT DO NOTHING;
INSERT INTO public.tournament_golfers (tournament_id, golfer_id, dg_rank, owg_rank) VALUES ('deb22cde-1b52-4677-9ee4-20e097af40d2', 'b35acf14-594a-4a64-830f-6caa8d4e849c', 46, 76) ON CONFLICT DO NOTHING;
-- WARNING: Could not find golfer ID for: Justin Thomas
INSERT INTO public.tournament_golfers (tournament_id, golfer_id, dg_rank, owg_rank) VALUES ('deb22cde-1b52-4677-9ee4-20e097af40d2', '253d1ea3-5547-4a32-9ae5-e973c10eb1c1', 80, 111) ON CONFLICT DO NOTHING;
INSERT INTO public.tournament_golfers (tournament_id, golfer_id, dg_rank, owg_rank) VALUES ('deb22cde-1b52-4677-9ee4-20e097af40d2', '61a5cadf-8cc0-4340-b374-3fc3635241b6', 74, 59) ON CONFLICT DO NOTHING;
-- WARNING: Could not find golfer ID for: Sami Valimaki
-- WARNING: Could not find golfer ID for: Erik Van Rooyen
INSERT INTO public.tournament_golfers (tournament_id, golfer_id, dg_rank, owg_rank) VALUES ('deb22cde-1b52-4677-9ee4-20e097af40d2', '4f9f4a92-19f7-43f0-b292-4d852180dfba', 222, 101) ON CONFLICT DO NOTHING;
INSERT INTO public.tournament_golfers (tournament_id, golfer_id, dg_rank, owg_rank) VALUES ('deb22cde-1b52-4677-9ee4-20e097af40d2', '01b75b24-5348-49e8-9cb0-ca9efd600567', 241, 145) ON CONFLICT DO NOTHING;
INSERT INTO public.tournament_golfers (tournament_id, golfer_id, dg_rank, owg_rank) VALUES ('deb22cde-1b52-4677-9ee4-20e097af40d2', '3fcc5c60-5314-4639-9baa-5d39ecb7046f', 327, 227) ON CONFLICT DO NOTHING;
INSERT INTO public.tournament_golfers (tournament_id, golfer_id, dg_rank, owg_rank) VALUES ('deb22cde-1b52-4677-9ee4-20e097af40d2', '89dcad84-412f-4787-a67a-c1872b0ca300', 109, 120) ON CONFLICT DO NOTHING;
INSERT INTO public.tournament_golfers (tournament_id, golfer_id, dg_rank, owg_rank) VALUES ('deb22cde-1b52-4677-9ee4-20e097af40d2', 'f4ee9114-07a5-4add-934e-1c2344c442a5', 159, 148) ON CONFLICT DO NOTHING;
INSERT INTO public.tournament_golfers (tournament_id, golfer_id, dg_rank, owg_rank) VALUES ('deb22cde-1b52-4677-9ee4-20e097af40d2', '4d972ff9-e0d0-403f-80f7-15ac49bde18b', 198, 216) ON CONFLICT DO NOTHING;
INSERT INTO public.tournament_golfers (tournament_id, golfer_id, dg_rank, owg_rank) VALUES ('deb22cde-1b52-4677-9ee4-20e097af40d2', 'b239a83a-56c5-43d1-a218-025a5094d7e6', 7, 15) ON CONFLICT DO NOTHING;
INSERT INTO public.tournament_golfers (tournament_id, golfer_id, dg_rank, owg_rank) VALUES ('deb22cde-1b52-4677-9ee4-20e097af40d2', '9c9e1964-f9a7-4e5f-a743-292d6815e980', 126, 115) ON CONFLICT DO NOTHING;